mpid,email
6628135166021660223,anonymous3@gmail.com
4020736361939441744,anonymous4@gmail.com
-3105711711883982049,anonymous5@gmail.com
6709297052830943157,anonymous6@gmail.com
2863576930065499496,anonymous7@gmail.com
8561036598346778405,anonymous8@gmail.com
-4756961490158077302,anonymous9@gmail.com
5854976198471578260,anonymous10@gmail.com
2832236267050233880,anonymous11@gmail.com
1887593704318667466,anonymous12@gmail.com
-2823880933395662032,anonymous13@gmail.com
-7452282164793139708,anonymous14@gmail.com
-2575296695432061518,anonymous15@gmail.com
-4902201430712863976,anonymous16@gmail.com
4678356813384956921,anonymous17@gmail.com
2076340545325961821,anonymous18@gmail.com
-5680736189885893476,anonymous19@gmail.com
-75672881654344061,anonymous20@gmail.com
-4427154450573368245,anonymous21@gmail.com
-8205297412441067050,anonymous22@gmail.com
-6790433498441434526,anonymous23@gmail.com
1627747593786769,anonymous24@gmail.com
-8762381682821996338,anonymous25@gmail.com
6130082146493922509,anonymous26@gmail.com
5828542184011378797,anonymous27@gmail.com
-5587534101678042106,anonymous28@gmail.com
9076723886650767385,anonymous29@gmail.com
-8599749695108287118,anonymous30@gmail.com
-4307099104565542391,anonymous31@gmail.com
7327948555004669433,anonymous32@gmail.com
7454768097472963975,anonymous33@gmail.com
-293018216678242538,anonymous34@gmail.com
5379300683562480722,anonymous35@gmail.com
1654241971629413084,anonymous36@gmail.com
-5383043174975626625,anonymous37@gmail.com
-6847256656791788180,anonymous38@gmail.com
-4442333402405430655,anonymous39@gmail.com
-2704450196938137055,anonymous40@gmail.com
4485871578820160009,anonymous41@gmail.com
6135004060286034015,anonymous42@gmail.com
4300481934129081271,anonymous43@gmail.com
-8833914293928130424,anonymous44@gmail.com
-6501730034248624623,anonymous45@gmail.com
1238042755256412819,anonymous46@gmail.com
-6807693911296065859,anonymous47@gmail.com
-6351468218426090947,anonymous48@gmail.com
-593381241601226268,anonymous49@gmail.com
-1314720462913434987,anonymous50@gmail.com
5337111181203069790,anonymous51@gmail.com
3303501459686304331,anonymous52@gmail.com
7611472289964659109,anonymous53@gmail.com
-3527856743153233772,anonymous54@gmail.com
-3663936536030524513,anonymous55@gmail.com
-8854262902425497705,anonymous56@gmail.com
-3405227509610167328,anonymous57@gmail.com
-1476787873172290918,anonymous58@gmail.com
-7140734682063079305,anonymous59@gmail.com
-5222658007481814574,anonymous60@gmail.com
349851734865035490,anonymous61@gmail.com
8556357159125774245,anonymous62@gmail.com
-6694945204404015148,anonymous63@gmail.com
5254045294979437959,anonymous64@gmail.com
-7058663842157943055,anonymous65@gmail.com
-6562392794529844529,anonymous66@gmail.com
9007865987386309425,anonymous67@gmail.com
-4613066566817713251,anonymous68@gmail.com
4182004681643511660,anonymous69@gmail.com
-2360052951120726974,anonymous70@gmail.com
6578300559052407069,anonymous71@gmail.com
777872385943392424,anonymous72@gmail.com
-2931876132464091413,anonymous73@gmail.com
4408270099979291917,anonymous74@gmail.com
2613927472759854955,anonymous75@gmail.com
-6928015711197381065,anonymous76@gmail.com
8449334864703837698,anonymous77@gmail.com
-7694636919374854514,anonymous78@gmail.com
7202386729397371094,anonymous79@gmail.com
2182397139472380468,anonymous80@gmail.com
-7357732850756937285,anonymous81@gmail.com
-6217636477866149467,anonymous82@gmail.com
-1112141388653091805,anonymous83@gmail.com
4456137400102052664,anonymous84@gmail.com
7822559519217487716,anonymous85@gmail.com
8469934009456701399,anonymous86@gmail.com
8607318859808516086,anonymous87@gmail.com
-5395407724315173213,anonymous88@gmail.com
-6820578384105360428,anonymous89@gmail.com
2972132923153115188,anonymous90@gmail.com
8113865561905581380,anonymous91@gmail.com
-8557267609000645907,anonymous92@gmail.com
4412503028463838323,anonymous93@gmail.com
-2567111184850034838,anonymous94@gmail.com
6333252960153193890,anonymous95@gmail.com
-1029632343774050659,anonymous96@gmail.com
-1858589582161234879,anonymous97@gmail.com
-1818055027653484004,anonymous98@gmail.com
3185451202832898799,anonymous99@gmail.com
4012658656011104895,anonymous100@gmail.com